SCEN_ID	noise_type	sd	true_sd	alpha	D_rate	L_rate	H_rate	S_count	D_count	L_count	H_count	ancient_dupl	epsilon	BMG_size	RBMG_size	possible_edges_BMG	BMG_eps_order	BMG_eps_size	BMG_eps_tp	BMG_eps_tn	BMG_eps_fp	BMG_eps_fn	BMG_eps_acc	BMG_eps_prec	BMG_eps_recall	RBMG_eps_order	RBMG_eps_size	RBMG_eps_tp	RBMG_eps_tn	RBMG_eps_fp	RBMG_eps_fn	RBMG_eps_acc	RBMG_eps_prec	RBMG_eps_recall	BMG_nj_order	BMG_nj_size	BMG_nj_tp	BMG_nj_tn	BMG_nj_fp	BMG_nj_fn	BMG_nj_acc	BMG_nj_prec	BMG_nj_recall	RBMG_nj_order	RBMG_nj_size	RBMG_nj_tp	RBMG_nj_tn	RBMG_nj_fp	RBMG_nj_fn	RBMG_nj_acc	RBMG_nj_prec	RBMG_nj_recall	BMG_qd_order	BMG_qd_size	BMG_qd_tp	BMG_qd_tn	BMG_qd_fp	BMG_qd_fn	BMG_qd_acc	BMG_qd_prec	BMG_qd_recall	RBMG_qd_order	RBMG_qd_size	RBMG_qd_tp	RBMG_qd_tn	RBMG_qd_fp	RBMG_qd_fn	RBMG_qd_acc	RBMG_qd_prec	RBMG_qd_recall	BMG_qd2_order	BMG_qd2_size	BMG_qd2_tp	BMG_qd2_tn	BMG_qd2_fp	BMG_qd2_fn	BMG_qd2_acc	BMG_qd2_prec	BMG_qd2_recall	RBMG_qd2_order	RBMG_qd2_size	RBMG_qd2_tp	RBMG_qd2_tn	RBMG_qd2_fp	RBMG_qd2_fn	RBMG_qd2_acc	RBMG_qd2_prec	RBMG_qd2_recall	time_eps	time_nj	time_qd	time_qd2
0	no_bias	0.0	0.0	0.0	0.5146992352390203	0.9251614886143147	0.0	4	0	0	0	0	0.5	6	3	6	4	6	6	6	0	0	1.0	1.0	1.0	4	3	3	3.0	0	0	1.0	1.0	1.0	4	6	6	6	0	0	1.0	1.0	1.0	4	3	3	3.0	0	0	1.0	1.0	1.0	4	6	6	6	0	0	1.0	1.0	1.0	4	3	3	3.0	0	0	1.0	1.0	1.0	4	6	6	6	0	0	1.0	1.0	1.0	4	3	3	3.0	0	0	1.0	1.0	1.0	0.013703584671020508	0.01180267333984375	0.011747598648071289	0.012715578079223633
1	no_bias	0.0	0.0	0.0	0.5146992352390203	0.9251614886143147	0.0	4	1	1	0	0	0.5	6	3	6	4	6	6	6	0	0	1.0	1.0	1.0	4	3	3	3.0	0	0	1.0	1.0	1.0	4	6	6	6	0	0	1.0	1.0	1.0	4	3	3	3.0	0	0	1.0	1.0	1.0	4	6	6	6	0	0	1.0	1.0	1.0	4	3	3	3.0	0	0	1.0	1.0	1.0	4	6	6	6	0	0	1.0	1.0	1.0	4	3	3	3.0	0	0	1.0	1.0	1.0	0.011440753936767578	0.008100509643554688	0.012532234191894531	0.011537790298461914
0	no_bias	0.05	0.030217036664735058	0.0	0.5146992352390203	0.9251614886143147	0.0	4	0	0	0	0	0.5	6	3	6	4	6	6	6	0	0	1.0	1.0	1.0	4	3	3	3.0	0	0	1.0	1.0	1.0	4	6	6	6	0	0	1.0	1.0	1.0	4	3	3	3.0	0	0	1.0	1.0	1.0	4	6	6	6	0	0	1.0	1.0	1.0	4	3	3	3.0	0	0	1.0	1.0	1.0	4	6	6	6	0	0	1.0	1.0	1.0	4	3	3	3.0	0	0	1.0	1.0	1.0	0.011414527893066406	0.009119987487792969	0.013029813766479492	0.011564016342163086
1	no_bias	0.05	0.0353669075926996	0.0	0.5146992352390203	0.9251614886143147	0.0	4	1	1	0	0	0.5	6	3	6	4	6	6	6	0	0	1.0	1.0	1.0	4	3	3	3.0	0	0	1.0	1.0	1.0	4	6	6	6	0	0	1.0	1.0	1.0	4	3	3	3.0	0	0	1.0	1.0	1.0	4	6	6	6	0	0	1.0	1.0	1.0	4	3	3	3.0	0	0	1.0	1.0	1.0	4	6	6	6	0	0	1.0	1.0	1.0	4	3	3	3.0	0	0	1.0	1.0	1.0	0.009909868240356445	0.010349512100219727	0.012688875198364258	0.012408733367919922
0	no_bias	0.1	0.06023343519989375	0.0	0.5146992352390203	0.9251614886143147	0.0	4	0	0	0	0	0.5	6	3	6	4	6	6	6	0	0	1.0	1.0	1.0	4	3	3	3.0	0	0	1.0	1.0	1.0	4	6	6	6	0	0	1.0	1.0	1.0	4	3	3	3.0	0	0	1.0	1.0	1.0	4	6	6	6	0	0	1.0	1.0	1.0	4	3	3	3.0	0	0	1.0	1.0	1.0	4	6	6	6	0	0	1.0	1.0	1.0	4	3	3	3.0	0	0	1.0	1.0	1.0	0.011269092559814453	0.008718490600585938	0.012991905212402344	0.012623786926269531
1	no_bias	0.1	0.1520385045458762	0.0	0.5146992352390203	0.9251614886143147	0.0	4	1	1	0	0	0.5	6	3	6	4	6	6	6	0	0	1.0	1.0	1.0	4	3	3	3.0	0	0	1.0	1.0	1.0	4	6	6	6	0	0	1.0	1.0	1.0	4	3	3	3.0	0	0	1.0	1.0	1.0	4	6	6	6	0	0	1.0	1.0	1.0	4	3	3	3.0	0	0	1.0	1.0	1.0	4	6	6	6	0	0	1.0	1.0	1.0	4	3	3	3.0	0	0	1.0	1.0	1.0	0.009823083877563477	0.011291027069091797	0.013014078140258789	0.012184619903564453
0	no_bias	0.2	0.0826783604399054	0.0	0.5146992352390203	0.9251614886143147	0.0	4	0	0	0	0	0.5	6	3	6	4	6	6	6	0	0	1.0	1.0	1.0	4	3	3	3.0	0	0	1.0	1.0	1.0	4	6	6	6	0	0	1.0	1.0	1.0	4	3	3	3.0	0	0	1.0	1.0	1.0	4	6	6	6	0	0	1.0	1.0	1.0	4	3	3	3.0	0	0	1.0	1.0	1.0	4	6	6	6	0	0	1.0	1.0	1.0	4	3	3	3.0	0	0	1.0	1.0	1.0	0.012080192565917969	0.00911569595336914	0.012642621994018555	0.01128387451171875
1	no_bias	0.2	0.14586312937711354	0.0	0.5146992352390203	0.9251614886143147	0.0	4	1	1	0	0	0.5	6	3	6	4	6	6	6	0	0	1.0	1.0	1.0	4	3	3	3.0	0	0	1.0	1.0	1.0	4	6	6	6	0	0	1.0	1.0	1.0	4	3	3	3.0	0	0	1.0	1.0	1.0	4	6	6	6	0	0	1.0	1.0	1.0	4	3	3	3.0	0	0	1.0	1.0	1.0	4	6	6	6	0	0	1.0	1.0	1.0	4	3	3	3.0	0	0	1.0	1.0	1.0	0.010841608047485352	0.009765148162841797	0.013289690017700195	0.011468887329101562
0	no_bias	0.3	0.49397723571037344	0.0	0.5146992352390203	0.9251614886143147	0.0	4	0	0	0	0	0.5	6	3	6	4	6	6	6	0	0	1.0	1.0	1.0	4	3	3	3.0	0	0	1.0	1.0	1.0	4	6	6	6	0	0	1.0	1.0	1.0	4	3	3	3.0	0	0	1.0	1.0	1.0	4	6	6	6	0	0	1.0	1.0	1.0	4	3	3	3.0	0	0	1.0	1.0	1.0	4	6	6	6	0	0	1.0	1.0	1.0	4	3	3	3.0	0	0	1.0	1.0	1.0	0.01116037368774414	0.010006427764892578	0.01258087158203125	0.010855436325073242
1	no_bias	0.3	0.10495977267147191	0.0	0.5146992352390203	0.9251614886143147	0.0	4	1	1	0	0	0.5	6	3	6	4	6	6	6	0	0	1.0	1.0	1.0	4	3	3	3.0	0	0	1.0	1.0	1.0	4	6	6	6	0	0	1.0	1.0	1.0	4	3	3	3.0	0	0	1.0	1.0	1.0	4	6	6	6	0	0	1.0	1.0	1.0	4	3	3	3.0	0	0	1.0	1.0	1.0	4	6	6	6	0	0	1.0	1.0	1.0	4	3	3	3.0	0	0	1.0	1.0	1.0	0.010859012603759766	0.009470701217651367	0.010238409042358398	0.010924577713012695
0	no_bias	0.5	0.1976578165344877	0.0	0.5146992352390203	0.9251614886143147	0.0	4	0	0	0	0	0.5	6	3	6	4	6	6	6	0	0	1.0	1.0	1.0	4	3	3	3.0	0	0	1.0	1.0	1.0	4	6	6	6	0	0	1.0	1.0	1.0	4	3	3	3.0	0	0	1.0	1.0	1.0	4	6	6	6	0	0	1.0	1.0	1.0	4	3	3	3.0	0	0	1.0	1.0	1.0	4	6	6	6	0	0	1.0	1.0	1.0	4	3	3	3.0	0	0	1.0	1.0	1.0	0.011580944061279297	0.008781194686889648	0.00984811782836914	0.01132059097290039
1	no_bias	0.5	0.26084174301331037	0.0	0.5146992352390203	0.9251614886143147	0.0	4	1	1	0	0	0.5	6	3	6	4	6	6	6	0	0	1.0	1.0	1.0	4	3	3	3.0	0	0	1.0	1.0	1.0	4	6	6	6	0	0	1.0	1.0	1.0	4	3	3	3.0	0	0	1.0	1.0	1.0	4	6	6	6	0	0	1.0	1.0	1.0	4	3	3	3.0	0	0	1.0	1.0	1.0	4	6	6	6	0	0	1.0	1.0	1.0	4	3	3	3.0	0	0	1.0	1.0	1.0	0.010889768600463867	0.008708953857421875	0.011307001113891602	0.011254549026489258
0	no_bias	0.75	0.24052664153027278	0.0	0.5146992352390203	0.9251614886143147	0.0	4	0	0	0	0	0.5	6	3	6	4	6	6	6	0	0	1.0	1.0	1.0	4	3	3	3.0	0	0	1.0	1.0	1.0	4	6	6	6	0	0	1.0	1.0	1.0	4	3	3	3.0	0	0	1.0	1.0	1.0	4	6	6	6	0	0	1.0	1.0	1.0	4	3	3	3.0	0	0	1.0	1.0	1.0	4	6	6	6	0	0	1.0	1.0	1.0	4	3	3	3.0	0	0	1.0	1.0	1.0	0.011609554290771484	0.008968591690063477	0.014455556869506836	0.01176762580871582
1	no_bias	0.75	0.2997354724811722	0.0	0.5146992352390203	0.9251614886143147	0.0	4	1	1	0	0	0.5	6	3	6	4	6	6	6	0	0	1.0	1.0	1.0	4	3	3	3.0	0	0	1.0	1.0	1.0	4	6	6	6	0	0	1.0	1.0	1.0	4	3	3	3.0	0	0	1.0	1.0	1.0	4	6	6	6	0	0	1.0	1.0	1.0	4	3	3	3.0	0	0	1.0	1.0	1.0	4	6	6	6	0	0	1.0	1.0	1.0	4	3	3	3.0	0	0	1.0	1.0	1.0	0.010811805725097656	0.009149551391601562	0.01064443588256836	0.01006007194519043
0	no_bias	1.0	0.21620134110885153	0.0	0.5146992352390203	0.9251614886143147	0.0	4	0	0	0	0	0.5	6	3	6	4	6	6	6	0	0	1.0	1.0	1.0	4	3	3	3.0	0	0	1.0	1.0	1.0	4	6	6	6	0	0	1.0	1.0	1.0	4	3	3	3.0	0	0	1.0	1.0	1.0	4	6	6	6	0	0	1.0	1.0	1.0	4	3	3	3.0	0	0	1.0	1.0	1.0	4	6	6	6	0	0	1.0	1.0	1.0	4	3	3	3.0	0	0	1.0	1.0	1.0	0.012447357177734375	0.010181903839111328	0.012343883514404297	0.010960817337036133
1	no_bias	1.0	0.1895949621968667	0.0	0.5146992352390203	0.9251614886143147	0.0	4	1	1	0	0	0.5	6	3	6	4	6	6	6	0	0	1.0	1.0	1.0	4	3	3	3.0	0	0	1.0	1.0	1.0	4	6	6	6	0	0	1.0	1.0	1.0	4	3	3	3.0	0	0	1.0	1.0	1.0	4	6	6	6	0	0	1.0	1.0	1.0	4	3	3	3.0	0	0	1.0	1.0	1.0	4	6	6	6	0	0	1.0	1.0	1.0	4	3	3	3.0	0	0	1.0	1.0	1.0	0.010964155197143555	0.009794473648071289	0.009937286376953125	0.012119293212890625
0	no_bias	1.5	0.18436108030762308	0.0	0.5146992352390203	0.9251614886143147	0.0	4	0	0	0	0	0.5	6	3	6	4	6	6	6	0	0	1.0	1.0	1.0	4	3	3	3.0	0	0	1.0	1.0	1.0	4	6	6	6	0	0	1.0	1.0	1.0	4	3	3	3.0	0	0	1.0	1.0	1.0	4	6	6	6	0	0	1.0	1.0	1.0	4	3	3	3.0	0	0	1.0	1.0	1.0	4	6	6	6	0	0	1.0	1.0	1.0	4	3	3	3.0	0	0	1.0	1.0	1.0	0.011366128921508789	0.011059999465942383	0.01235342025756836	0.011972904205322266
1	no_bias	1.5	0.563959312237625	0.0	0.5146992352390203	0.9251614886143147	0.0	4	1	1	0	0	0.5	6	3	6	4	6	6	6	0	0	1.0	1.0	1.0	4	3	3	3.0	0	0	1.0	1.0	1.0	4	6	6	6	0	0	1.0	1.0	1.0	4	3	3	3.0	0	0	1.0	1.0	1.0	4	6	6	6	0	0	1.0	1.0	1.0	4	3	3	3.0	0	0	1.0	1.0	1.0	4	6	6	6	0	0	1.0	1.0	1.0	4	3	3	3.0	0	0	1.0	1.0	1.0	0.010703802108764648	0.009598255157470703	0.011544942855834961	0.01248788833618164
2	no_bias	0.0	0.0	0.0	0.5187422933399575	0.8487777704993889	0.0	3	0	0	0	0	0.5	2	1	2	3	2	2	4	0	0	1.0	1.0	1.0	3	1	1	2.0	0	0	1.0	1.0	1.0	3	2	2	4	0	0	1.0	1.0	1.0	3	1	1	2.0	0	0	1.0	1.0	1.0	3	2	2	4	0	0	1.0	1.0	1.0	3	1	1	2.0	0	0	1.0	1.0	1.0	3	2	2	4	0	0	1.0	1.0	1.0	3	1	1	2.0	0	0	1.0	1.0	1.0	0.012601375579833984	0.009212255477905273	0.00896143913269043	0.010851144790649414
3	no_bias	0.0	0.0	0.0	0.5187422933399575	0.8487777704993889	0.0	3	0	0	0	0	0.5	2	1	2	3	2	2	4	0	0	1.0	1.0	1.0	3	1	1	2.0	0	0	1.0	1.0	1.0	3	2	2	4	0	0	1.0	1.0	1.0	3	1	1	2.0	0	0	1.0	1.0	1.0	3	2	2	4	0	0	1.0	1.0	1.0	3	1	1	2.0	0	0	1.0	1.0	1.0	3	2	2	4	0	0	1.0	1.0	1.0	3	1	1	2.0	0	0	1.0	1.0	1.0	0.013921022415161133	0.010090827941894531	0.00964665412902832	0.011687994003295898
2	no_bias	0.05	0.011732594710043537	0.0	0.5187422933399575	0.8487777704993889	0.0	3	0	0	0	0	0.5	2	1	2	3	2	2	4	0	0	1.0	1.0	1.0	3	1	1	2.0	0	0	1.0	1.0	1.0	3	2	2	4	0	0	1.0	1.0	1.0	3	1	1	2.0	0	0	1.0	1.0	1.0	3	2	2	4	0	0	1.0	1.0	1.0	3	1	1	2.0	0	0	1.0	1.0	1.0	3	2	2	4	0	0	1.0	1.0	1.0	3	1	1	2.0	0	0	1.0	1.0	1.0	0.013161659240722656	0.008411169052124023	0.009407520294189453	0.010861396789550781
3	no_bias	0.05	0.043182452233191705	0.0	0.5187422933399575	0.8487777704993889	0.0	3	0	0	0	0	0.5	2	1	2	3	2	2	4	0	0	1.0	1.0	1.0	3	1	1	2.0	0	0	1.0	1.0	1.0	3	2	2	4	0	0	1.0	1.0	1.0	3	1	1	2.0	0	0	1.0	1.0	1.0	3	2	2	4	0	0	1.0	1.0	1.0	3	1	1	2.0	0	0	1.0	1.0	1.0	3	2	2	4	0	0	1.0	1.0	1.0	3	1	1	2.0	0	0	1.0	1.0	1.0	0.009415388107299805	0.010159492492675781	0.010764360427856445	0.01043844223022461
2	no_bias	0.1	0.07516836279488778	0.0	0.5187422933399575	0.8487777704993889	0.0	3	0	0	0	0	0.5	2	1	2	3	2	2	4	0	0	1.0	1.0	1.0	3	1	1	2.0	0	0	1.0	1.0	1.0	3	2	2	4	0	0	1.0	1.0	1.0	3	1	1	2.0	0	0	1.0	1.0	1.0	3	2	2	4	0	0	1.0	1.0	1.0	3	1	1	2.0	0	0	1.0	1.0	1.0	3	2	2	4	0	0	1.0	1.0	1.0	3	1	1	2.0	0	0	1.0	1.0	1.0	0.011850595474243164	0.008625507354736328	0.009700298309326172	0.010964632034301758
3	no_bias	0.1	0.1057505866843843	0.0	0.5187422933399575	0.8487777704993889	0.0	3	0	0	0	0	0.5	2	1	2	3	2	2	4	0	0	1.0	1.0	1.0	3	1	1	2.0	0	0	1.0	1.0	1.0	3	2	2	4	0	0	1.0	1.0	1.0	3	1	1	2.0	0	0	1.0	1.0	1.0	3	2	2	4	0	0	1.0	1.0	1.0	3	1	1	2.0	0	0	1.0	1.0	1.0	3	2	2	4	0	0	1.0	1.0	1.0	3	1	1	2.0	0	0	1.0	1.0	1.0	0.011243343353271484	0.008667707443237305	0.011213064193725586	0.010927677154541016
2	no_bias	0.2	0.126724124428015	0.0	0.5187422933399575	0.8487777704993889	0.0	3	0	0	0	0	0.5	2	1	2	3	2	2	4	0	0	1.0	1.0	1.0	3	1	1	2.0	0	0	1.0	1.0	1.0	3	2	2	4	0	0	1.0	1.0	1.0	3	1	1	2.0	0	0	1.0	1.0	1.0	3	2	2	4	0	0	1.0	1.0	1.0	3	1	1	2.0	0	0	1.0	1.0	1.0	3	2	2	4	0	0	1.0	1.0	1.0	3	1	1	2.0	0	0	1.0	1.0	1.0	0.010537385940551758	0.008595466613769531	0.01109004020690918	0.010396957397460938
3	no_bias	0.2	0.0857891129618603	0.0	0.5187422933399575	0.8487777704993889	0.0	3	0	0	0	0	0.5	2	1	2	3	2	2	4	0	0	1.0	1.0	1.0	3	1	1	2.0	0	0	1.0	1.0	1.0	3	2	2	4	0	0	1.0	1.0	1.0	3	1	1	2.0	0	0	1.0	1.0	1.0	3	2	2	4	0	0	1.0	1.0	1.0	3	1	1	2.0	0	0	1.0	1.0	1.0	3	2	2	4	0	0	1.0	1.0	1.0	3	1	1	2.0	0	0	1.0	1.0	1.0	0.01003265380859375	0.01083827018737793	0.010362625122070312	0.011764049530029297
2	no_bias	0.3	0.3682508846240778	0.0	0.5187422933399575	0.8487777704993889	0.0	3	0	0	0	0	0.5	2	1	2	3	2	2	4	0	0	1.0	1.0	1.0	3	1	1	2.0	0	0	1.0	1.0	1.0	3	2	2	4	0	0	1.0	1.0	1.0	3	1	1	2.0	0	0	1.0	1.0	1.0	3	2	2	4	0	0	1.0	1.0	1.0	3	1	1	2.0	0	0	1.0	1.0	1.0	3	2	2	4	0	0	1.0	1.0	1.0	3	1	1	2.0	0	0	1.0	1.0	1.0	0.011636972427368164	0.009162664413452148	0.00944209098815918	0.010730504989624023
3	no_bias	0.3	0.24689731910722085	0.0	0.5187422933399575	0.8487777704993889	0.0	3	0	0	0	0	0.5	2	1	2	3	2	2	4	0	0	1.0	1.0	1.0	3	1	1	2.0	0	0	1.0	1.0	1.0	3	2	2	4	0	0	1.0	1.0	1.0	3	1	1	2.0	0	0	1.0	1.0	1.0	3	2	2	4	0	0	1.0	1.0	1.0	3	1	1	2.0	0	0	1.0	1.0	1.0	3	2	2	4	0	0	1.0	1.0	1.0	3	1	1	2.0	0	0	1.0	1.0	1.0	0.01143956184387207	0.008089303970336914	0.010133743286132812	0.009413719177246094
2	no_bias	0.5	0.4383581895670535	0.0	0.5187422933399575	0.8487777704993889	0.0	3	0	0	0	0	0.5	2	1	2	3	2	2	4	0	0	1.0	1.0	1.0	3	1	1	2.0	0	0	1.0	1.0	1.0	3	2	2	4	0	0	1.0	1.0	1.0	3	1	1	2.0	0	0	1.0	1.0	1.0	3	2	2	4	0	0	1.0	1.0	1.0	3	1	1	2.0	0	0	1.0	1.0	1.0	3	2	2	4	0	0	1.0	1.0	1.0	3	1	1	2.0	0	0	1.0	1.0	1.0	0.012049436569213867	0.010018110275268555	0.010458707809448242	0.009895086288452148
3	no_bias	0.5	0.30844951535656806	0.0	0.5187422933399575	0.8487777704993889	0.0	3	0	0	0	0	0.5	2	1	2	3	2	2	4	0	0	1.0	1.0	1.0	3	1	1	2.0	0	0	1.0	1.0	1.0	3	2	2	4	0	0	1.0	1.0	1.0	3	1	1	2.0	0	0	1.0	1.0	1.0	3	2	2	4	0	0	1.0	1.0	1.0	3	1	1	2.0	0	0	1.0	1.0	1.0	3	2	2	4	0	0	1.0	1.0	1.0	3	1	1	2.0	0	0	1.0	1.0	1.0	0.01172947883605957	0.008631706237792969	0.009137153625488281	0.010397195816040039
2	no_bias	0.75	0.11680804171478357	0.0	0.5187422933399575	0.8487777704993889	0.0	3	0	0	0	0	0.5	2	1	2	3	2	2	4	0	0	1.0	1.0	1.0	3	1	1	2.0	0	0	1.0	1.0	1.0	3	2	2	4	0	0	1.0	1.0	1.0	3	1	1	2.0	0	0	1.0	1.0	1.0	3	2	2	4	0	0	1.0	1.0	1.0	3	1	1	2.0	0	0	1.0	1.0	1.0	3	2	2	4	0	0	1.0	1.0	1.0	3	1	1	2.0	0	0	1.0	1.0	1.0	0.011089086532592773	0.008850336074829102	0.010799884796142578	0.010481834411621094
3	no_bias	0.75	0.02249797581524596	0.0	0.5187422933399575	0.8487777704993889	0.0	3	0	0	0	0	0.5	2	1	2	3	2	2	4	0	0	1.0	1.0	1.0	3	1	1	2.0	0	0	1.0	1.0	1.0	3	2	2	4	0	0	1.0	1.0	1.0	3	1	1	2.0	0	0	1.0	1.0	1.0	3	2	2	4	0	0	1.0	1.0	1.0	3	1	1	2.0	0	0	1.0	1.0	1.0	3	2	2	4	0	0	1.0	1.0	1.0	3	1	1	2.0	0	0	1.0	1.0	1.0	0.011633157730102539	0.010330915451049805	0.011591434478759766	0.00983881950378418
2	no_bias	1.0	0.23937196333480923	0.0	0.5187422933399575	0.8487777704993889	0.0	3	0	0	0	0	0.5	2	1	2	3	2	2	4	0	0	1.0	1.0	1.0	3	1	1	2.0	0	0	1.0	1.0	1.0	3	2	2	4	0	0	1.0	1.0	1.0	3	1	1	2.0	0	0	1.0	1.0	1.0	3	2	2	4	0	0	1.0	1.0	1.0	3	1	1	2.0	0	0	1.0	1.0	1.0	3	2	2	4	0	0	1.0	1.0	1.0	3	1	1	2.0	0	0	1.0	1.0	1.0	0.012939929962158203	0.01144266128540039	0.012895822525024414	0.012951850891113281
3	no_bias	1.0	0.35023550252570196	0.0	0.5187422933399575	0.8487777704993889	0.0	3	0	0	0	0	0.5	2	1	2	3	2	2	4	0	0	1.0	1.0	1.0	3	1	1	2.0	0	0	1.0	1.0	1.0	3	2	2	4	0	0	1.0	1.0	1.0	3	1	1	2.0	0	0	1.0	1.0	1.0	3	2	2	4	0	0	1.0	1.0	1.0	3	1	1	2.0	0	0	1.0	1.0	1.0	3	2	2	4	0	0	1.0	1.0	1.0	3	1	1	2.0	0	0	1.0	1.0	1.0	0.011337757110595703	0.008584022521972656	0.013972759246826172	0.011784553527832031
2	no_bias	1.5	0.2557433690672589	0.0	0.5187422933399575	0.8487777704993889	0.0	3	0	0	0	0	0.5	2	1	2	3	2	2	4	0	0	1.0	1.0	1.0	3	1	1	2.0	0	0	1.0	1.0	1.0	3	2	2	4	0	0	1.0	1.0	1.0	3	1	1	2.0	0	0	1.0	1.0	1.0	3	2	2	4	0	0	1.0	1.0	1.0	3	1	1	2.0	0	0	1.0	1.0	1.0	3	2	2	4	0	0	1.0	1.0	1.0	3	1	1	2.0	0	0	1.0	1.0	1.0	0.013376712799072266	0.012912750244140625	0.009267330169677734	0.011865377426147461
3	no_bias	1.5	0.1964456842708969	0.0	0.5187422933399575	0.8487777704993889	0.0	3	0	0	0	0	0.5	2	1	2	3	2	2	4	0	0	1.0	1.0	1.0	3	1	1	2.0	0	0	1.0	1.0	1.0	3	2	2	4	0	0	1.0	1.0	1.0	3	1	1	2.0	0	0	1.0	1.0	1.0	3	2	2	4	0	0	1.0	1.0	1.0	3	1	1	2.0	0	0	1.0	1.0	1.0	3	2	2	4	0	0	1.0	1.0	1.0	3	1	1	2.0	0	0	1.0	1.0	1.0	0.013933658599853516	0.009891271591186523	0.008621931076049805	0.012274503707885742
4	no_bias	0.0	0.0	0.0	0.8122223393729697	0.5297603071497798	0.0	6	2	0	0	0	0.5	56	28	110	12	50	50	76	0	6	0.9545454545454546	1.0	0.8928571428571429	12	22	22	38.0	0	6	0.9090909090909091	1.0	0.7857142857142857	12	44	44	76	0	12	0.9090909090909091	1.0	0.7857142857142857	12	16	16	38.0	0	12	0.8181818181818182	1.0	0.5714285714285714	12	56	56	76	0	0	1.0	1.0	1.0	12	28	28	38.0	0	0	1.0	1.0	1.0	12	56	56	76	0	0	1.0	1.0	1.0	12	28	28	38.0	0	0	1.0	1.0	1.0	0.015465497970581055	0.009259700775146484	0.01815176010131836	0.023544788360595703
5	no_bias	0.0	0.0	0.0	0.8122223393729697	0.5297603071497798	0.0	6	0	0	0	0	0.5	20	10	20	6	20	20	10	0	0	1.0	1.0	1.0	6	10	10	5.0	0	0	1.0	1.0	1.0	6	20	20	10	0	0	1.0	1.0	1.0	6	10	10	5.0	0	0	1.0	1.0	1.0	6	20	20	10	0	0	1.0	1.0	1.0	6	10	10	5.0	0	0	1.0	1.0	1.0	6	20	20	10	0	0	1.0	1.0	1.0	6	10	10	5.0	0	0	1.0	1.0	1.0	0.011918067932128906	0.00992131233215332	0.01494908332824707	0.02283024787902832
4	no_bias	0.05	0.03225057981706569	0.0	0.8122223393729697	0.5297603071497798	0.0	6	2	0	0	0	0.5	56	28	110	12	50	50	76	0	6	0.9545454545454546	1.0	0.8928571428571429	12	22	22	38.0	0	6	0.9090909090909091	1.0	0.7857142857142857	12	44	44	76	0	12	0.9090909090909091	1.0	0.7857142857142857	12	16	16	38.0	0	12	0.8181818181818182	1.0	0.5714285714285714	12	54	54	76	0	2	0.9848484848484849	1.0	0.9642857142857143	12	26	26	38.0	0	2	0.9696969696969697	1.0	0.9285714285714286	12	54	54	76	0	2	0.9848484848484849	1.0	0.9642857142857143	12	26	26	38.0	0	2	0.9696969696969697	1.0	0.9285714285714286	0.016231298446655273	0.009871721267700195	0.015520811080932617	0.02599811553955078
5	no_bias	0.05	0.04394400635916229	0.0	0.8122223393729697	0.5297603071497798	0.0	6	0	0	0	0	0.5	20	10	20	6	20	20	10	0	0	1.0	1.0	1.0	6	10	10	5.0	0	0	1.0	1.0	1.0	6	20	20	10	0	0	1.0	1.0	1.0	6	10	10	5.0	0	0	1.0	1.0	1.0	6	20	20	10	0	0	1.0	1.0	1.0	6	10	10	5.0	0	0	1.0	1.0	1.0	6	20	20	10	0	0	1.0	1.0	1.0	6	10	10	5.0	0	0	1.0	1.0	1.0	0.013151884078979492	0.008954286575317383	0.012606382369995117	0.019869089126586914
4	no_bias	0.1	0.08153861311677509	0.0	0.8122223393729697	0.5297603071497798	0.0	6	2	0	0	0	0.5	56	28	110	12	50	50	76	0	6	0.9545454545454546	1.0	0.8928571428571429	12	22	22	38.0	0	6	0.9090909090909091	1.0	0.7857142857142857	12	44	44	76	0	12	0.9090909090909091	1.0	0.7857142857142857	12	16	16	38.0	0	12	0.8181818181818182	1.0	0.5714285714285714	12	50	50	76	0	6	0.9545454545454546	1.0	0.8928571428571429	12	22	22	38.0	0	6	0.9090909090909091	1.0	0.7857142857142857	12	50	50	76	0	6	0.9545454545454546	1.0	0.8928571428571429	12	22	22	38.0	0	6	0.9090909090909091	1.0	0.7857142857142857	0.014792203903198242	0.00988912582397461	0.01622605323791504	0.023670434951782227
5	no_bias	0.1	0.11406468805297056	0.0	0.8122223393729697	0.5297603071497798	0.0	6	0	0	0	0	0.5	20	10	20	6	20	20	10	0	0	1.0	1.0	1.0	6	10	10	5.0	0	0	1.0	1.0	1.0	6	20	20	10	0	0	1.0	1.0	1.0	6	10	10	5.0	0	0	1.0	1.0	1.0	6	20	20	10	0	0	1.0	1.0	1.0	6	10	10	5.0	0	0	1.0	1.0	1.0	6	20	20	10	0	0	1.0	1.0	1.0	6	10	10	5.0	0	0	1.0	1.0	1.0	0.012239456176757812	0.008004426956176758	0.012401819229125977	0.02160358428955078
4	no_bias	0.2	0.13523605515704762	0.0	0.8122223393729697	0.5297603071497798	0.0	6	2	0	0	0	0.5	56	28	110	12	50	50	76	0	6	0.9545454545454546	1.0	0.8928571428571429	12	22	22	38.0	0	6	0.9090909090909091	1.0	0.7857142857142857	12	44	44	76	0	12	0.9090909090909091	1.0	0.7857142857142857	12	16	16	38.0	0	12	0.8181818181818182	1.0	0.5714285714285714	12	54	54	76	0	2	0.9848484848484849	1.0	0.9642857142857143	12	26	26	38.0	0	2	0.9696969696969697	1.0	0.9285714285714286	12	54	54	76	0	2	0.9848484848484849	1.0	0.9642857142857143	12	26	26	38.0	0	2	0.9696969696969697	1.0	0.9285714285714286	0.015878915786743164	0.009384393692016602	0.01626276969909668	0.021944284439086914
5	no_bias	0.2	0.27647847757199423	0.0	0.8122223393729697	0.5297603071497798	0.0	6	0	0	0	0	0.5	20	10	20	6	20	20	10	0	0	1.0	1.0	1.0	6	10	10	5.0	0	0	1.0	1.0	1.0	6	20	20	10	0	0	1.0	1.0	1.0	6	10	10	5.0	0	0	1.0	1.0	1.0	6	20	20	10	0	0	1.0	1.0	1.0	6	10	10	5.0	0	0	1.0	1.0	1.0	6	20	20	10	0	0	1.0	1.0	1.0	6	10	10	5.0	0	0	1.0	1.0	1.0	0.01253962516784668	0.009483098983764648	0.011825084686279297	0.016408443450927734
4	no_bias	0.3	0.18907610439684777	0.0	0.8122223393729697	0.5297603071497798	0.0	6	2	0	0	0	0.5	56	28	110	12	50	50	76	0	6	0.9545454545454546	1.0	0.8928571428571429	12	22	22	38.0	0	6	0.9090909090909091	1.0	0.7857142857142857	12	44	44	76	0	12	0.9090909090909091	1.0	0.7857142857142857	12	16	16	38.0	0	12	0.8181818181818182	1.0	0.5714285714285714	12	49	49	76	0	7	0.946969696969697	1.0	0.875	12	21	21	38.0	0	7	0.8939393939393939	1.0	0.75	12	49	49	76	0	7	0.946969696969697	1.0	0.875	12	21	21	38.0	0	7	0.8939393939393939	1.0	0.75	0.014846324920654297	0.00911712646484375	0.014781951904296875	0.0232086181640625
5	no_bias	0.3	0.15744050061942644	0.0	0.8122223393729697	0.5297603071497798	0.0	6	0	0	0	0	0.5	20	10	20	6	20	20	10	0	0	1.0	1.0	1.0	6	10	10	5.0	0	0	1.0	1.0	1.0	6	20	20	10	0	0	1.0	1.0	1.0	6	10	10	5.0	0	0	1.0	1.0	1.0	6	20	20	10	0	0	1.0	1.0	1.0	6	10	10	5.0	0	0	1.0	1.0	1.0	6	20	20	10	0	0	1.0	1.0	1.0	6	10	10	5.0	0	0	1.0	1.0	1.0	0.012874841690063477	0.010082721710205078	0.011840343475341797	0.02216935157775879
4	no_bias	0.5	0.37525611722401647	0.0	0.8122223393729697	0.5297603071497798	0.0	6	2	0	0	0	0.5	56	28	110	12	50	50	76	0	6	0.9545454545454546	1.0	0.8928571428571429	12	22	22	38.0	0	6	0.9090909090909091	1.0	0.7857142857142857	12	44	44	76	0	12	0.9090909090909091	1.0	0.7857142857142857	12	16	16	38.0	0	12	0.8181818181818182	1.0	0.5714285714285714	12	49	49	76	0	7	0.946969696969697	1.0	0.875	12	21	21	38.0	0	7	0.8939393939393939	1.0	0.75	12	49	49	76	0	7	0.946969696969697	1.0	0.875	12	21	21	38.0	0	7	0.8939393939393939	1.0	0.75	0.014311552047729492	0.008774042129516602	0.016207456588745117	0.02267003059387207
5	no_bias	0.5	0.2555460798073973	0.0	0.8122223393729697	0.5297603071497798	0.0	6	0	0	0	0	0.5	20	10	20	6	20	20	10	0	0	1.0	1.0	1.0	6	10	10	5.0	0	0	1.0	1.0	1.0	6	20	20	10	0	0	1.0	1.0	1.0	6	10	10	5.0	0	0	1.0	1.0	1.0	6	20	20	10	0	0	1.0	1.0	1.0	6	10	10	5.0	0	0	1.0	1.0	1.0	6	20	20	10	0	0	1.0	1.0	1.0	6	10	10	5.0	0	0	1.0	1.0	1.0	0.010851860046386719	0.00926828384399414	0.011501550674438477	0.01685929298400879
4	no_bias	0.75	0.9052402725651673	0.0	0.8122223393729697	0.5297603071497798	0.0	6	2	0	0	0	0.5	56	28	110	12	52	48	72	4	8	0.9090909090909091	0.9230769230769231	0.8571428571428571	12	20	20	38.0	0	8	0.8787878787878788	1.0	0.7142857142857143	12	50	50	76	0	6	0.9545454545454546	1.0	0.8928571428571429	12	22	22	38.0	0	6	0.9090909090909091	1.0	0.7857142857142857	12	51	51	76	0	5	0.9621212121212122	1.0	0.9107142857142857	12	23	23	38.0	0	5	0.9242424242424242	1.0	0.8214285714285714	12	51	51	76	0	5	0.9621212121212122	1.0	0.9107142857142857	12	23	23	38.0	0	5	0.9242424242424242	1.0	0.8214285714285714	0.013504743576049805	0.008931398391723633	0.016135215759277344	0.024151325225830078
5	no_bias	0.75	0.33186298053411795	0.0	0.8122223393729697	0.5297603071497798	0.0	6	0	0	0	0	0.5	20	10	20	6	20	20	10	0	0	1.0	1.0	1.0	6	10	10	5.0	0	0	1.0	1.0	1.0	6	20	20	10	0	0	1.0	1.0	1.0	6	10	10	5.0	0	0	1.0	1.0	1.0	6	20	20	10	0	0	1.0	1.0	1.0	6	10	10	5.0	0	0	1.0	1.0	1.0	6	20	20	10	0	0	1.0	1.0	1.0	6	10	10	5.0	0	0	1.0	1.0	1.0	0.011594533920288086	0.00827336311340332	0.011731624603271484	0.017103910446166992
4	no_bias	1.0	0.6603267156221224	0.0	0.8122223393729697	0.5297603071497798	0.0	6	2	0	0	0	0.5	56	28	110	12	50	50	76	0	6	0.9545454545454546	1.0	0.8928571428571429	12	22	22	38.0	0	6	0.9090909090909091	1.0	0.7857142857142857	12	47	47	76	0	9	0.9318181818181818	1.0	0.8392857142857143	12	19	19	38.0	0	9	0.8636363636363636	1.0	0.6785714285714286	12	52	52	76	0	4	0.9696969696969697	1.0	0.9285714285714286	12	24	24	38.0	0	4	0.9393939393939394	1.0	0.8571428571428571	12	52	52	76	0	4	0.9696969696969697	1.0	0.9285714285714286	12	24	24	38.0	0	4	0.9393939393939394	1.0	0.8571428571428571	0.014795780181884766	0.012385845184326172	0.015381097793579102	0.021236896514892578
5	no_bias	1.0	0.4996347050797189	0.0	0.8122223393729697	0.5297603071497798	0.0	6	0	0	0	0	0.5	20	10	20	6	20	20	10	0	0	1.0	1.0	1.0	6	10	10	5.0	0	0	1.0	1.0	1.0	6	20	20	10	0	0	1.0	1.0	1.0	6	10	10	5.0	0	0	1.0	1.0	1.0	6	20	20	10	0	0	1.0	1.0	1.0	6	10	10	5.0	0	0	1.0	1.0	1.0	6	20	20	10	0	0	1.0	1.0	1.0	6	10	10	5.0	0	0	1.0	1.0	1.0	0.015046834945678711	0.01133418083190918	0.010467767715454102	0.017721891403198242
4	no_bias	1.5	0.6710832132615923	0.0	0.8122223393729697	0.5297603071497798	0.0	6	2	0	0	0	0.5	56	28	110	12	50	49	75	1	7	0.9393939393939394	0.98	0.875	12	21	21	38.0	0	7	0.8939393939393939	1.0	0.75	12	47	47	76	0	9	0.9318181818181818	1.0	0.8392857142857143	12	19	19	38.0	0	9	0.8636363636363636	1.0	0.6785714285714286	12	47	47	76	0	9	0.9318181818181818	1.0	0.8392857142857143	12	19	19	38.0	0	9	0.8636363636363636	1.0	0.6785714285714286	12	47	47	76	0	9	0.9318181818181818	1.0	0.8392857142857143	12	19	19	38.0	0	9	0.8636363636363636	1.0	0.6785714285714286	0.015131473541259766	0.00857090950012207	0.018192291259765625	0.02390289306640625
5	no_bias	1.5	0.16680110462273398	0.0	0.8122223393729697	0.5297603071497798	0.0	6	0	0	0	0	0.5	20	10	20	6	20	20	10	0	0	1.0	1.0	1.0	6	10	10	5.0	0	0	1.0	1.0	1.0	6	20	20	10	0	0	1.0	1.0	1.0	6	10	10	5.0	0	0	1.0	1.0	1.0	6	20	20	10	0	0	1.0	1.0	1.0	6	10	10	5.0	0	0	1.0	1.0	1.0	6	20	20	10	0	0	1.0	1.0	1.0	6	10	10	5.0	0	0	1.0	1.0	1.0	0.017031192779541016	0.01072835922241211	0.011281728744506836	0.019004344940185547
6	no_bias	0.0	0.0	0.0	0.516256240972462	0.8462972174506584	0.0	5	2	3	0	2	0.5	33	15	110	12	33	33	99	0	0	1.0	1.0	1.0	12	15	15	51.0	0	0	1.0	1.0	1.0	12	33	33	99	0	0	1.0	1.0	1.0	12	15	15	51.0	0	0	1.0	1.0	1.0	12	33	30	96	3	3	0.9545454545454546	0.9090909090909091	0.9090909090909091	12	15	15	51.0	0	0	1.0	1.0	1.0	12	33	30	96	3	3	0.9545454545454546	0.9090909090909091	0.9090909090909091	12	15	15	51.0	0	0	1.0	1.0	1.0	0.016059398651123047	0.00884699821472168	0.017123937606811523	0.023079872131347656
7	no_bias	0.0	0.0	0.0	0.516256240972462	0.8462972174506584	0.0	5	1	1	0	1	0.5	24	12	56	9	24	24	48	0	0	1.0	1.0	1.0	9	12	12	24.0	0	0	1.0	1.0	1.0	9	24	24	48	0	0	1.0	1.0	1.0	9	12	12	24.0	0	0	1.0	1.0	1.0	9	24	24	48	0	0	1.0	1.0	1.0	9	12	12	24.0	0	0	1.0	1.0	1.0	9	24	24	48	0	0	1.0	1.0	1.0	9	12	12	24.0	0	0	1.0	1.0	1.0	0.013897895812988281	0.009505271911621094	0.015366792678833008	0.020234107971191406
6	no_bias	0.05	0.0351335235015457	0.0	0.516256240972462	0.8462972174506584	0.0	5	2	3	0	2	0.5	33	15	110	12	33	33	99	0	0	1.0	1.0	1.0	12	15	15	51.0	0	0	1.0	1.0	1.0	12	33	33	99	0	0	1.0	1.0	1.0	12	15	15	51.0	0	0	1.0	1.0	1.0	12	34	31	96	3	2	0.9621212121212122	0.9117647058823529	0.9393939393939394	12	15	15	51.0	0	0	1.0	1.0	1.0	12	34	31	96	3	2	0.9621212121212122	0.9117647058823529	0.9393939393939394	12	15	15	51.0	0	0	1.0	1.0	1.0	0.016158342361450195	0.011746406555175781	0.016704320907592773	0.019766569137573242
7	no_bias	0.05	0.03966410547560986	0.0	0.516256240972462	0.8462972174506584	0.0	5	1	1	0	1	0.5	24	12	56	9	24	24	48	0	0	1.0	1.0	1.0	9	12	12	24.0	0	0	1.0	1.0	1.0	9	24	24	48	0	0	1.0	1.0	1.0	9	12	12	24.0	0	0	1.0	1.0	1.0	9	24	24	48	0	0	1.0	1.0	1.0	9	12	12	24.0	0	0	1.0	1.0	1.0	9	24	24	48	0	0	1.0	1.0	1.0	9	12	12	24.0	0	0	1.0	1.0	1.0	0.015512943267822266	0.011841297149658203	0.011917829513549805	0.017660140991210938
6	no_bias	0.1	0.05027224875782868	0.0	0.516256240972462	0.8462972174506584	0.0	5	2	3	0	2	0.5	33	15	110	12	33	33	99	0	0	1.0	1.0	1.0	12	15	15	51.0	0	0	1.0	1.0	1.0	12	33	33	99	0	0	1.0	1.0	1.0	12	15	15	51.0	0	0	1.0	1.0	1.0	12	36	33	96	3	0	0.9772727272727273	0.9166666666666666	1.0	12	15	15	51.0	0	0	1.0	1.0	1.0	12	36	33	96	3	0	0.9772727272727273	0.9166666666666666	1.0	12	15	15	51.0	0	0	1.0	1.0	1.0	0.014778614044189453	0.009218215942382812	0.016248703002929688	0.022420406341552734
7	no_bias	0.1	0.0581177400862609	0.0	0.516256240972462	0.8462972174506584	0.0	5	1	1	0	1	0.5	24	12	56	9	24	24	48	0	0	1.0	1.0	1.0	9	12	12	24.0	0	0	1.0	1.0	1.0	9	24	24	48	0	0	1.0	1.0	1.0	9	12	12	24.0	0	0	1.0	1.0	1.0	9	24	23	47	1	1	0.9722222222222222	0.9583333333333334	0.9583333333333334	9	11	11	24.0	0	1	0.9722222222222222	1.0	0.9166666666666666	9	24	23	47	1	1	0.9722222222222222	0.9583333333333334	0.9583333333333334	9	11	11	24.0	0	1	0.9722222222222222	1.0	0.9166666666666666	0.013084888458251953	0.009346246719360352	0.012093544006347656	0.018346548080444336
6	no_bias	0.2	0.10867904117395111	0.0	0.516256240972462	0.8462972174506584	0.0	5	2	3	0	2	0.5	33	15	110	12	33	33	99	0	0	1.0	1.0	1.0	12	15	15	51.0	0	0	1.0	1.0	1.0	12	33	33	99	0	0	1.0	1.0	1.0	12	15	15	51.0	0	0	1.0	1.0	1.0	12	33	33	99	0	0	1.0	1.0	1.0	12	15	15	51.0	0	0	1.0	1.0	1.0	12	33	33	99	0	0	1.0	1.0	1.0	12	15	15	51.0	0	0	1.0	1.0	1.0	0.013077974319458008	0.00948476791381836	0.015441417694091797	0.020658254623413086
7	no_bias	0.2	0.11816237077147981	0.0	0.516256240972462	0.8462972174506584	0.0	5	1	1	0	1	0.5	24	12	56	9	24	24	48	0	0	1.0	1.0	1.0	9	12	12	24.0	0	0	1.0	1.0	1.0	9	24	24	48	0	0	1.0	1.0	1.0	9	12	12	24.0	0	0	1.0	1.0	1.0	9	25	21	44	4	3	0.9027777777777778	0.84	0.875	9	9	9	24.0	0	3	0.9166666666666666	1.0	0.75	9	25	23	46	2	1	0.9583333333333334	0.92	0.9583333333333334	9	11	11	24.0	0	1	0.9722222222222222	1.0	0.9166666666666666	0.012078285217285156	0.009310483932495117	0.013425588607788086	0.018131017684936523
6	no_bias	0.3	0.2776380230565571	0.0	0.516256240972462	0.8462972174506584	0.0	5	2	3	0	2	0.5	33	15	110	12	33	33	99	0	0	1.0	1.0	1.0	12	15	15	51.0	0	0	1.0	1.0	1.0	12	33	33	99	0	0	1.0	1.0	1.0	12	15	15	51.0	0	0	1.0	1.0	1.0	12	35	32	96	3	1	0.9696969696969697	0.9142857142857143	0.9696969696969697	12	15	15	51.0	0	0	1.0	1.0	1.0	12	35	32	96	3	1	0.9696969696969697	0.9142857142857143	0.9696969696969697	12	15	15	51.0	0	0	1.0	1.0	1.0	0.015160083770751953	0.009459495544433594	0.013848066329956055	0.018712759017944336
7	no_bias	0.3	0.22358262903677617	0.0	0.516256240972462	0.8462972174506584	0.0	5	1	1	0	1	0.5	24	12	56	9	24	24	48	0	0	1.0	1.0	1.0	9	12	12	24.0	0	0	1.0	1.0	1.0	9	24	24	48	0	0	1.0	1.0	1.0	9	12	12	24.0	0	0	1.0	1.0	1.0	9	27	21	42	6	3	0.875	0.7777777777777778	0.875	9	9	9	24.0	0	3	0.9166666666666666	1.0	0.75	9	27	21	42	6	3	0.875	0.7777777777777778	0.875	9	9	9	24.0	0	3	0.9166666666666666	1.0	0.75	0.015130758285522461	0.010441780090332031	0.012826681137084961	0.017831802368164062
6	no_bias	0.5	0.25925055635985683	0.0	0.516256240972462	0.8462972174506584	0.0	5	2	3	0	2	0.5	33	15	110	12	34	33	98	1	0	0.9924242424242424	0.9705882352941176	1.0	12	16	15	50.0	1	0	0.9848484848484849	0.9375	1.0	12	33	33	99	0	0	1.0	1.0	1.0	12	15	15	51.0	0	0	1.0	1.0	1.0	12	35	33	97	2	0	0.9848484848484849	0.9428571428571428	1.0	12	15	15	51.0	0	0	1.0	1.0	1.0	12	35	33	97	2	0	0.9848484848484849	0.9428571428571428	1.0	12	15	15	51.0	0	0	1.0	1.0	1.0	0.015524148941040039	0.011089563369750977	0.017848968505859375	0.019112825393676758
7	no_bias	0.5	0.27989224730673656	0.0	0.516256240972462	0.8462972174506584	0.0	5	1	1	0	1	0.5	24	12	56	9	24	24	48	0	0	1.0	1.0	1.0	9	12	12	24.0	0	0	1.0	1.0	1.0	9	24	24	48	0	0	1.0	1.0	1.0	9	12	12	24.0	0	0	1.0	1.0	1.0	9	25	23	46	2	1	0.9583333333333334	0.92	0.9583333333333334	9	11	11	24.0	0	1	0.9722222222222222	1.0	0.9166666666666666	9	25	23	46	2	1	0.9583333333333334	0.92	0.9583333333333334	9	11	11	24.0	0	1	0.9722222222222222	1.0	0.9166666666666666	0.013481855392456055	0.009064435958862305	0.013890504837036133	0.020158052444458008
6	no_bias	0.75	1.7341928960875905	0.0	0.516256240972462	0.8462972174506584	0.0	5	2	3	0	2	0.5	33	15	110	12	33	33	99	0	0	1.0	1.0	1.0	12	15	15	51.0	0	0	1.0	1.0	1.0	12	33	33	99	0	0	1.0	1.0	1.0	12	15	15	51.0	0	0	1.0	1.0	1.0	12	33	30	96	3	3	0.9545454545454546	0.9090909090909091	0.9090909090909091	12	15	15	51.0	0	0	1.0	1.0	1.0	12	33	30	96	3	3	0.9545454545454546	0.9090909090909091	0.9090909090909091	12	15	15	51.0	0	0	1.0	1.0	1.0	0.013118982315063477	0.008469581604003906	0.01598978042602539	0.02163839340209961
7	no_bias	0.75	0.7554198880398795	0.0	0.516256240972462	0.8462972174506584	0.0	5	1	1	0	1	0.5	24	12	56	9	24	24	48	0	0	1.0	1.0	1.0	9	12	12	24.0	0	0	1.0	1.0	1.0	9	24	24	48	0	0	1.0	1.0	1.0	9	12	12	24.0	0	0	1.0	1.0	1.0	9	24	24	48	0	0	1.0	1.0	1.0	9	12	12	24.0	0	0	1.0	1.0	1.0	9	24	24	48	0	0	1.0	1.0	1.0	9	12	12	24.0	0	0	1.0	1.0	1.0	0.011606454849243164	0.009930133819580078	0.014409065246582031	0.01911759376525879
6	no_bias	1.0	1.6016964937309481	0.0	0.516256240972462	0.8462972174506584	0.0	5	2	3	0	2	0.5	33	15	110	12	35	33	97	2	0	0.9848484848484849	0.9428571428571428	1.0	12	15	15	51.0	0	0	1.0	1.0	1.0	12	33	33	99	0	0	1.0	1.0	1.0	12	15	15	51.0	0	0	1.0	1.0	1.0	12	33	33	99	0	0	1.0	1.0	1.0	12	15	15	51.0	0	0	1.0	1.0	1.0	12	33	33	99	0	0	1.0	1.0	1.0	12	15	15	51.0	0	0	1.0	1.0	1.0	0.01419687271118164	0.009361743927001953	0.016053438186645508	0.021317720413208008
7	no_bias	1.0	0.7882840617911993	0.0	0.516256240972462	0.8462972174506584	0.0	5	1	1	0	1	0.5	24	12	56	9	24	24	48	0	0	1.0	1.0	1.0	9	12	12	24.0	0	0	1.0	1.0	1.0	9	24	24	48	0	0	1.0	1.0	1.0	9	12	12	24.0	0	0	1.0	1.0	1.0	9	24	21	45	3	3	0.9166666666666666	0.875	0.875	9	9	9	24.0	0	3	0.9166666666666666	1.0	0.75	9	24	21	45	3	3	0.9166666666666666	0.875	0.875	9	9	9	24.0	0	3	0.9166666666666666	1.0	0.75	0.011748790740966797	0.008005619049072266	0.012527227401733398	0.018615245819091797
6	no_bias	1.5	2.7316502916362	0.0	0.516256240972462	0.8462972174506584	0.0	5	2	3	0	2	0.5	33	15	110	12	33	33	99	0	0	1.0	1.0	1.0	12	15	15	51.0	0	0	1.0	1.0	1.0	12	33	33	99	0	0	1.0	1.0	1.0	12	15	15	51.0	0	0	1.0	1.0	1.0	12	36	33	96	3	0	0.9772727272727273	0.9166666666666666	1.0	12	15	15	51.0	0	0	1.0	1.0	1.0	12	36	33	96	3	0	0.9772727272727273	0.9166666666666666	1.0	12	15	15	51.0	0	0	1.0	1.0	1.0	0.015107393264770508	0.009553194046020508	0.013445377349853516	0.02031993865966797
7	no_bias	1.5	0.5791466118704911	0.0	0.516256240972462	0.8462972174506584	0.0	5	1	1	0	1	0.5	24	12	56	9	24	24	48	0	0	1.0	1.0	1.0	9	12	12	24.0	0	0	1.0	1.0	1.0	9	24	24	48	0	0	1.0	1.0	1.0	9	12	12	24.0	0	0	1.0	1.0	1.0	9	25	23	46	2	1	0.9583333333333334	0.92	0.9583333333333334	9	11	11	24.0	0	1	0.9722222222222222	1.0	0.9166666666666666	9	25	23	46	2	1	0.9583333333333334	0.92	0.9583333333333334	9	11	11	24.0	0	1	0.9722222222222222	1.0	0.9166666666666666	0.013526201248168945	0.008481502532958984	0.013635396957397461	0.02132701873779297
8	no_bias	0.0	0.0	0.0	0.951162244271166	0.6481003230086388	0.0	6	5	3	0	0	0.5	20	10	26	8	20	20	36	0	0	1.0	1.0	1.0	8	10	10	18.0	0	0	1.0	1.0	1.0	8	20	20	36	0	0	1.0	1.0	1.0	8	10	10	18.0	0	0	1.0	1.0	1.0	8	20	20	36	0	0	1.0	1.0	1.0	8	10	10	18.0	0	0	1.0	1.0	1.0	8	20	20	36	0	0	1.0	1.0	1.0	8	10	10	18.0	0	0	1.0	1.0	1.0	0.012068986892700195	0.00850820541381836	0.013048171997070312	0.013186931610107422
9	no_bias	0.0	0.0	0.0	0.951162244271166	0.6481003230086388	0.0	6	11	6	0	1	0.5	57	26	252	22	59	57	403	2	0	0.9956709956709957	0.9661016949152542	1.0	22	28	26	203.0	2	0	0.9913419913419913	0.9285714285714286	1.0	22	57	57	405	0	0	1.0	1.0	1.0	22	26	26	205.0	0	0	1.0	1.0	1.0	22	57	57	405	0	0	1.0	1.0	1.0	22	26	26	205.0	0	0	1.0	1.0	1.0	22	57	57	405	0	0	1.0	1.0	1.0	22	26	26	205.0	0	0	1.0	1.0	1.0	0.021128177642822266	0.011592388153076172	0.02545475959777832	0.026948928833007812
8	no_bias	0.05	0.03205382146070366	0.0	0.951162244271166	0.6481003230086388	0.0	6	5	3	0	0	0.5	20	10	26	8	20	20	36	0	0	1.0	1.0	1.0	8	10	10	18.0	0	0	1.0	1.0	1.0	8	20	20	36	0	0	1.0	1.0	1.0	8	10	10	18.0	0	0	1.0	1.0	1.0	8	20	20	36	0	0	1.0	1.0	1.0	8	10	10	18.0	0	0	1.0	1.0	1.0	8	20	20	36	0	0	1.0	1.0	1.0	8	10	10	18.0	0	0	1.0	1.0	1.0	0.012641191482543945	0.009471654891967773	0.012125968933105469	0.01345968246459961
9	no_bias	0.05	0.027025412260281698	0.0	0.951162244271166	0.6481003230086388	0.0	6	11	6	0	1	0.5	57	26	252	22	59	57	403	2	0	0.9956709956709957	0.9661016949152542	1.0	22	28	26	203.0	2	0	0.9913419913419913	0.9285714285714286	1.0	22	57	57	405	0	0	1.0	1.0	1.0	22	26	26	205.0	0	0	1.0	1.0	1.0	22	57	57	405	0	0	1.0	1.0	1.0	22	26	26	205.0	0	0	1.0	1.0	1.0	22	57	57	405	0	0	1.0	1.0	1.0	22	26	26	205.0	0	0	1.0	1.0	1.0	0.02170109748840332	0.011104106903076172	0.02354264259338379	0.027374744415283203
8	no_bias	0.1	0.039046180751624464	0.0	0.951162244271166	0.6481003230086388	0.0	6	5	3	0	0	0.5	20	10	26	8	20	20	36	0	0	1.0	1.0	1.0	8	10	10	18.0	0	0	1.0	1.0	1.0	8	20	20	36	0	0	1.0	1.0	1.0	8	10	10	18.0	0	0	1.0	1.0	1.0	8	20	20	36	0	0	1.0	1.0	1.0	8	10	10	18.0	0	0	1.0	1.0	1.0	8	20	20	36	0	0	1.0	1.0	1.0	8	10	10	18.0	0	0	1.0	1.0	1.0	0.012967824935913086	0.009894609451293945	0.013935565948486328	0.013926267623901367
9	no_bias	0.1	0.0679153193763911	0.0	0.951162244271166	0.6481003230086388	0.0	6	11	6	0	1	0.5	57	26	252	22	59	57	403	2	0	0.9956709956709957	0.9661016949152542	1.0	22	28	26	203.0	2	0	0.9913419913419913	0.9285714285714286	1.0	22	57	57	405	0	0	1.0	1.0	1.0	22	26	26	205.0	0	0	1.0	1.0	1.0	22	57	57	405	0	0	1.0	1.0	1.0	22	26	26	205.0	0	0	1.0	1.0	1.0	22	57	57	405	0	0	1.0	1.0	1.0	22	26	26	205.0	0	0	1.0	1.0	1.0	0.021953105926513672	0.011350393295288086	0.026011228561401367	0.02655768394470215
8	no_bias	0.2	0.09607925245321354	0.0	0.951162244271166	0.6481003230086388	0.0	6	5	3	0	0	0.5	20	10	26	8	20	20	36	0	0	1.0	1.0	1.0	8	10	10	18.0	0	0	1.0	1.0	1.0	8	20	20	36	0	0	1.0	1.0	1.0	8	10	10	18.0	0	0	1.0	1.0	1.0	8	20	20	36	0	0	1.0	1.0	1.0	8	10	10	18.0	0	0	1.0	1.0	1.0	8	20	20	36	0	0	1.0	1.0	1.0	8	10	10	18.0	0	0	1.0	1.0	1.0	0.0121917724609375	0.010242700576782227	0.013577461242675781	0.012358665466308594
9	no_bias	0.2	0.14750318394483333	0.0	0.951162244271166	0.6481003230086388	0.0	6	11	6	0	1	0.5	57	26	252	22	56	55	404	1	2	0.9935064935064936	0.9821428571428571	0.9649122807017544	22	25	24	204.0	1	2	0.987012987012987	0.96	0.9230769230769231	22	55	55	405	0	2	0.9956709956709957	1.0	0.9649122807017544	22	24	24	205.0	0	2	0.9913419913419913	1.0	0.9230769230769231	22	57	56	404	1	1	0.9956709956709957	0.9824561403508771	0.9824561403508771	22	26	25	204.0	1	1	0.9913419913419913	0.9615384615384616	0.9615384615384616	22	57	56	404	1	1	0.9956709956709957	0.9824561403508771	0.9824561403508771	22	26	25	204.0	1	1	0.9913419913419913	0.9615384615384616	0.9615384615384616	0.022490978240966797	0.013703107833862305	0.024893522262573242	0.0247495174407959
8	no_bias	0.3	0.12892131362450004	0.0	0.951162244271166	0.6481003230086388	0.0	6	5	3	0	0	0.5	20	10	26	8	20	20	36	0	0	1.0	1.0	1.0	8	10	10	18.0	0	0	1.0	1.0	1.0	8	20	20	36	0	0	1.0	1.0	1.0	8	10	10	18.0	0	0	1.0	1.0	1.0	8	20	20	36	0	0	1.0	1.0	1.0	8	10	10	18.0	0	0	1.0	1.0	1.0	8	20	20	36	0	0	1.0	1.0	1.0	8	10	10	18.0	0	0	1.0	1.0	1.0	0.013924598693847656	0.00933218002319336	0.011805295944213867	0.011596441268920898
9	no_bias	0.3	0.24089375594992715	0.0	0.951162244271166	0.6481003230086388	0.0	6	11	6	0	1	0.5	57	26	252	22	57	54	402	3	3	0.987012987012987	0.9473684210526315	0.9473684210526315	22	26	23	202.0	3	3	0.974025974025974	0.8846153846153846	0.8846153846153846	22	52	50	403	2	7	0.9805194805194806	0.9615384615384616	0.8771929824561403	22	24	22	203.0	2	4	0.974025974025974	0.9166666666666666	0.8461538461538461	22	55	53	403	2	4	0.987012987012987	0.9636363636363636	0.9298245614035088	22	26	24	203.0	2	2	0.9826839826839827	0.9230769230769231	0.9230769230769231	22	55	53	403	2	4	0.987012987012987	0.9636363636363636	0.9298245614035088	22	26	24	203.0	2	2	0.9826839826839827	0.9230769230769231	0.9230769230769231	0.024187803268432617	0.00966501235961914	0.02746438980102539	0.02675175666809082
8	no_bias	0.5	0.4980636385188024	0.0	0.951162244271166	0.6481003230086388	0.0	6	5	3	0	0	0.5	20	10	26	8	20	20	36	0	0	1.0	1.0	1.0	8	10	10	18.0	0	0	1.0	1.0	1.0	8	20	20	36	0	0	1.0	1.0	1.0	8	10	10	18.0	0	0	1.0	1.0	1.0	8	20	20	36	0	0	1.0	1.0	1.0	8	10	10	18.0	0	0	1.0	1.0	1.0	8	20	20	36	0	0	1.0	1.0	1.0	8	10	10	18.0	0	0	1.0	1.0	1.0	0.011657953262329102	0.007834196090698242	0.013692140579223633	0.011325597763061523
9	no_bias	0.5	0.2876262770584632	0.0	0.951162244271166	0.6481003230086388	0.0	6	11	6	0	1	0.5	57	26	252	22	58	56	403	2	1	0.9935064935064936	0.9655172413793104	0.9824561403508771	22	27	25	203.0	2	1	0.987012987012987	0.9259259259259259	0.9615384615384616	22	50	49	404	1	8	0.9805194805194806	0.98	0.8596491228070176	22	22	21	204.0	1	5	0.974025974025974	0.9545454545454546	0.8076923076923077	22	52	52	405	0	5	0.9891774891774892	1.0	0.9122807017543859	22	23	23	205.0	0	3	0.987012987012987	1.0	0.8846153846153846	22	52	52	405	0	5	0.9891774891774892	1.0	0.9122807017543859	22	23	23	205.0	0	3	0.987012987012987	1.0	0.8846153846153846	0.022795677185058594	0.012659788131713867	0.029140233993530273	0.02576923370361328